time,IPSL-CM6A-LR,UKESM1-0-LL,MRI-ESM2-0,CNRM-ESM2-1,CANESM5
2000.0,14781555000.0,14781555000.0,14781555000.0,14781555000.0,14781555000.0
2001.0,14826917000.0,14826917000.0,14826917000.0,14826917000.0,14826917000.0
2002.0,14844196000.0,14844196000.0,14844196000.0,14844196000.0,14844196000.0
2003.0,14876193000.0,14876193000.0,14876193000.0,14876193000.0,14876193000.0
2004.0,14865247000.0,14865247000.0,14865247000.0,14865247000.0,14865247000.0
2005.0,14872420000.0,14872420000.0,14872420000.0,14872420000.0,14872420000.0
2006.0,14853092000.0,14853092000.0,14853092000.0,14853092000.0,14853092000.0
2007.0,14800823000.0,14800823000.0,14800823000.0,14800823000.0,14800823000.0
2008.0,14750195000.0,14750195000.0,14750195000.0,14750195000.0,14750195000.0
2009.0,14743894000.0,14743894000.0,14743894000.0,14743894000.0,14743894000.0
2010.0,14659412000.0,14659412000.0,14659412000.0,14659412000.0,14659412000.0
2011.0,14622763000.0,14622763000.0,14622763000.0,14622763000.0,14622763000.0
2012.0,14555139000.0,14555139000.0,14555139000.0,14555139000.0,14555139000.0
2013.0,14468123000.0,14468123000.0,14468123000.0,14468123000.0,14468123000.0
2014.0,14438385000.0,14438385000.0,14438385000.0,14438385000.0,14438385000.0
2015.0,14340854000.0,14340854000.0,14340854000.0,14340854000.0,14340854000.0
2016.0,14287938000.0,14287938000.0,14287938000.0,14287938000.0,14287938000.0
2017.0,14194145000.0,14194145000.0,14194145000.0,14194145000.0,14194145000.0
2018.0,14105283000.0,14105283000.0,14105283000.0,14105283000.0,14105283000.0
2019.0,13991813000.0,13991813000.0,13991813000.0,13991813000.0,13991813000.0
2020.0,13943692000.0,13943692000.0,13943692000.0,13943692000.0,13943692000.0
2021.0,13755266000.0,13895466000.0,13757610000.0,13823182000.0,13679289000.0
2022.0,13883689000.0,13651551000.0,13607514000.0,13744952000.0,13482760000.0
2023.0,13686995000.0,13457119000.0,13462785000.0,13555668000.0,13140062000.0
2024.0,13416843000.0,13255970000.0,13306464000.0,13412187000.0,12761316000.0
2025.0,13239268000.0,13040183000.0,13176070000.0,13318220000.0,12468395000.0
2026.0,13065295000.0,12834787000.0,12966394000.0,13192227000.0,12086681000.0
2027.0,12834638000.0,12646449000.0,12806308000.0,13037194000.0,11718979000.0
2028.0,12635773000.0,12408550000.0,12562587000.0,12860167000.0,11282292000.0
2029.0,12418323000.0,12109173000.0,12397679000.0,12694412000.0,10900449000.0
2030.0,12426992000.0,11944411000.0,12111862000.0,12615749000.0,10532960000.0
2031.0,12096122000.0,12026892000.0,11852513000.0,12314233000.0,10129815000.0
2032.0,11829572000.0,11651212000.0,11760751000.0,12138655000.0,9739381000.0
2033.0,11645338000.0,11297060000.0,11451609000.0,12174029000.0,9321069000.0
2034.0,11373110000.0,10979805000.0,11143274000.0,11825562000.0,9000540000.0
2035.0,11424438000.0,10682884000.0,10869404000.0,11700085000.0,8520797000.0
2036.0,11191985000.0,10400693000.0,10602092000.0,11543706000.0,8189155300.0
2037.0,11015442000.0,10137663000.0,10477282000.0,11301957000.0,7872634400.0
2038.0,10833169000.0,9884212000.0,10286266000.0,11147908000.0,7476811000.0
2039.0,10677288000.0,9673362000.0,9991139000.0,10976035000.0,7110541000.0
2040.0,10473333000.0,9563540000.0,9758311000.0,10804171000.0,7010897000.0
2041.0,10213949000.0,9253609000.0,9384565000.0,10530758000.0,6823736000.0
2042.0,9947469000.0,8961260000.0,9179648000.0,10362406000.0,6410470400.0
2043.0,9644426000.0,8706025000.0,8905929000.0,10248562000.0,6084144000.0
2044.0,9389629000.0,8508767000.0,8634732000.0,10150899000.0,5802425000.0
2045.0,9252060000.0,8161096700.0,8374923000.0,9870136000.0,5542652400.0
2046.0,8953681000.0,7870551600.0,8053965000.0,9631261000.0,5353317000.0
2047.0,8796683000.0,7545940500.0,7793152000.0,9572390000.0,5107957000.0
2048.0,8436212700.0,7434823700.0,7430306300.0,9268771000.0,5008486400.0
2049.0,8226691600.0,7116229000.0,7158929000.0,9254290000.0,4667729000.0
2050.0,8013975600.0,6740620300.0,6850289000.0,8877039000.0,4483749000.0
2051.0,7839839700.0,6548536000.0,6627603000.0,8733406000.0,4437272000.0
2052.0,7835368000.0,6304124000.0,6314686000.0,8585541000.0,4128739600.0
2053.0,7426697000.0,6083137000.0,6035968500.0,8322323500.0,3981769700.0
2054.0,7513018000.0,5866922000.0,5980257000.0,8105655000.0,3886289000.0
2055.0,7084253700.0,5605656000.0,5703852500.0,7852523000.0,3764277000.0
2056.0,6975340500.0,5388083000.0,5743045000.0,7714678300.0,3597011700.0
2057.0,6617754600.0,5178118700.0,5492142000.0,7550416000.0,3436476400.0
2058.0,6402598000.0,4971630000.0,5357586000.0,7368747500.0,3337710000.0
2059.0,6213264400.0,4866682000.0,5134022700.0,7179070500.0,3183320800.0
2060.0,5990942000.0,4634730000.0,5021074000.0,6969820000.0,3152235800.0
2061.0,5763116500.0,4469537000.0,4901414400.0,6806586400.0,3027222500.0
2062.0,5584013300.0,4334183400.0,4769372700.0,6673684000.0,2945675500.0
2063.0,5406855000.0,4193533000.0,4832647700.0,6529709600.0,2864843000.0
2064.0,5501023700.0,4053933000.0,5070332000.0,6328873000.0,2822166800.0
2065.0,5130523000.0,3937747500.0,4804701000.0,6163560400.0,2727298000.0
2066.0,4953372000.0,3754592000.0,4625317400.0,5986821000.0,2829240600.0
2067.0,4752699000.0,3629070600.0,4759387000.0,5841892000.0,2604609000.0
2068.0,4599424500.0,3637645800.0,4652377600.0,5715005400.0,2522291000.0
2069.0,4558750000.0,3458841600.0,4810809300.0,5593196500.0,2471613200.0
2070.0,4323810300.0,3363438800.0,4485827600.0,5491914000.0,2429500400.0
2071.0,4225452300.0,3273578800.0,4526058000.0,5477718500.0,2344652800.0
2072.0,4110973400.0,3204944600.0,4450693600.0,5358634000.0,2332548900.0
2073.0,4015884300.0,3186942000.0,4475007500.0,5227358700.0,2249433900.0
2074.0,4078185200.0,3067685400.0,4362889000.0,5084789000.0,2216243700.0
2075.0,3870430700.0,2990791400.0,4491636700.0,4973020700.0,2154028800.0
2076.0,3808438500.0,2949192700.0,4393810000.0,4897639000.0,2111833900.0
2077.0,3870268200.0,3080617000.0,4459104000.0,4815140400.0,2073710800.0
2078.0,3744111000.0,2989956600.0,4283482000.0,4739676000.0,2169043200.0
2079.0,3875155000.0,2892400400.0,4356992500.0,5062152700.0,2056703200.0
2080.0,4456890000.0,2828050700.0,4269019600.0,4717801500.0,2040787800.0
2081.0,3948022300.0,2790793500.0,4292112400.0,4614253000.0,2014869600.0
2082.0,3813037000.0,2784979500.0,4269944000.0,5496314400.0,2044051500.0
2083.0,3673860600.0,2775824000.0,4229196300.0,4912452600.0,2287833300.0
2084.0,3782616800.0,2750751200.0,4200443600.0,4569937400.0,2280014000.0
2085.0,3575379200.0,2721046300.0,4272513000.0,4643164700.0,2334140400.0
2086.0,4210735900.0,2897278000.0,4301854700.0,4594998300.0,2169003800.0
2087.0,3930780700.0,2803018000.0,4377404400.0,4439659500.0,2258059800.0
2088.0,3839121200.0,2783185000.0,4847540700.0,4442636000.0,2299510500.0
2089.0,3788865300.0,2766495700.0,4627645400.0,4351492000.0,2172964600.0
2090.0,3649433600.0,2700679200.0,4483775500.0,4497183000.0,2163204900.0
2091.0,3891896300.0,2699243300.0,4644549000.0,4299995600.0,2183884000.0
2092.0,3744810500.0,2706440400.0,4507840000.0,4205370400.0,2125386900.0
2093.0,4172851200.0,2689477600.0,4450595300.0,4178481400.0,2340472300.0
2094.0,3704311600.0,2698984000.0,4526868500.0,4150108000.0,2116859100.0
2095.0,3774208000.0,2629147100.0,4447099400.0,4112253200.0,2118212400.0
2096.0,3693729800.0,2621547500.0,4726518000.0,4185546000.0,2107512300.0
2097.0,3686011100.0,3010309000.0,4920365000.0,4076722700.0,2117051100.0
2098.0,3633878500.0,2663265800.0,4581672000.0,4175117000.0,2162651000.0
2099.0,3639101200.0,2633067300.0,4615215000.0,4134016000.0,2155573800.0
2100.0,3603647200.0,2621671000.0,4646264300.0,4047152400.0,2122253200.0
