time,CCSM4,IPSL-CM5A-LR,CSIRO-MK3-6-0,MPI-ESM-LR,NORESM1-M,CANESM2,CNRM-CM5,GISS-E2-R,GFDL-CM3,GFDL-ESM2G
2000.0,45094414000000.0,45094414000000.0,45094414000000.0,45094414000000.0,45094414000000.0,45094414000000.0,45094414000000.0,45094414000000.0,45094414000000.0,45094414000000.0
2001.0,45088198000000.0,45088198000000.0,45088198000000.0,45088198000000.0,45088198000000.0,45088198000000.0,45088198000000.0,45088198000000.0,45088198000000.0,45088198000000.0
2002.0,45083403000000.0,45083403000000.0,45083403000000.0,45083403000000.0,45083403000000.0,45083403000000.0,45083403000000.0,45083403000000.0,45083403000000.0,45083403000000.0
2003.0,44963648000000.0,44963648000000.0,44963648000000.0,44963648000000.0,44963648000000.0,44963648000000.0,44963648000000.0,44963648000000.0,44963648000000.0,44963648000000.0
2004.0,44928374000000.0,44928374000000.0,44928374000000.0,44928374000000.0,44928374000000.0,44928374000000.0,44928374000000.0,44928374000000.0,44928374000000.0,44928374000000.0
2005.0,44901643000000.0,44901643000000.0,44901643000000.0,44901643000000.0,44901643000000.0,44901643000000.0,44901643000000.0,44901643000000.0,44901643000000.0,44901643000000.0
2006.0,44931305000000.0,44931305000000.0,44931305000000.0,44931305000000.0,44931305000000.0,44931305000000.0,44931305000000.0,44931305000000.0,44931305000000.0,44931305000000.0
2007.0,44831990000000.0,44831990000000.0,44831990000000.0,44831990000000.0,44831990000000.0,44831990000000.0,44831990000000.0,44831990000000.0,44831990000000.0,44831990000000.0
2008.0,44776573000000.0,44776573000000.0,44776573000000.0,44776573000000.0,44776573000000.0,44776573000000.0,44776573000000.0,44776573000000.0,44776573000000.0,44776573000000.0
2009.0,44758018000000.0,44758018000000.0,44758018000000.0,44758018000000.0,44758018000000.0,44758018000000.0,44758018000000.0,44758018000000.0,44758018000000.0,44758018000000.0
2010.0,44673720000000.0,44673720000000.0,44673720000000.0,44673720000000.0,44673720000000.0,44673720000000.0,44673720000000.0,44673720000000.0,44673720000000.0,44673720000000.0
2011.0,44648542000000.0,44648542000000.0,44648542000000.0,44648542000000.0,44648542000000.0,44648542000000.0,44648542000000.0,44648542000000.0,44648542000000.0,44648542000000.0
2012.0,44583946000000.0,44583946000000.0,44583946000000.0,44583946000000.0,44583946000000.0,44583946000000.0,44583946000000.0,44583946000000.0,44583946000000.0,44583946000000.0
2013.0,44590620000000.0,44590620000000.0,44590620000000.0,44590620000000.0,44590620000000.0,44590620000000.0,44590620000000.0,44590620000000.0,44590620000000.0,44590620000000.0
2014.0,44491520000000.0,44491520000000.0,44491520000000.0,44491520000000.0,44491520000000.0,44491520000000.0,44491520000000.0,44491520000000.0,44491520000000.0,44491520000000.0
2015.0,44576643000000.0,44576643000000.0,44576643000000.0,44576643000000.0,44576643000000.0,44576643000000.0,44576643000000.0,44576643000000.0,44576643000000.0,44576643000000.0
2016.0,44546583000000.0,44546583000000.0,44546583000000.0,44546583000000.0,44546583000000.0,44546583000000.0,44546583000000.0,44546583000000.0,44546583000000.0,44546583000000.0
2017.0,44558566000000.0,44558566000000.0,44558566000000.0,44558566000000.0,44558566000000.0,44558566000000.0,44558566000000.0,44558566000000.0,44558566000000.0,44558566000000.0
2018.0,44417700000000.0,44417700000000.0,44417700000000.0,44417700000000.0,44417700000000.0,44417700000000.0,44417700000000.0,44417700000000.0,44417700000000.0,44417700000000.0
2019.0,44381004000000.0,44381004000000.0,44381004000000.0,44381004000000.0,44381004000000.0,44381004000000.0,44381004000000.0,44381004000000.0,44381004000000.0,44381004000000.0
2020.0,44365060000000.0,44365060000000.0,44365060000000.0,44365060000000.0,44365060000000.0,44365060000000.0,44365060000000.0,44365060000000.0,44365060000000.0,44365060000000.0
2021.0,44265810000000.0,44255330000000.0,44294094000000.0,44270535000000.0,44335123000000.0,44391163000000.0,44427620000000.0,44360427000000.0,44348972000000.0,44391767000000.0
2022.0,44194366000000.0,44253334000000.0,44125466000000.0,44255290000000.0,44251670000000.0,44360826000000.0,44411417000000.0,44350684000000.0,44297300000000.0,44372600000000.0
2023.0,44010136000000.0,44210030000000.0,43967098000000.0,44220962000000.0,44175953000000.0,44328857000000.0,44299664000000.0,44331327000000.0,44307118000000.0,44361073000000.0
2024.0,43887603000000.0,44200054000000.0,43817090000000.0,44138217000000.0,44072073000000.0,44300755000000.0,44170730000000.0,44184468000000.0,44362030000000.0,44350780000000.0
2025.0,43754153000000.0,44180223000000.0,43607214000000.0,44069556000000.0,43935770000000.0,44210820000000.0,43970550000000.0,44164004000000.0,44460935000000.0,44353066000000.0
2026.0,43648226000000.0,44072660000000.0,43478763000000.0,44073507000000.0,43863574000000.0,44194236000000.0,43975150000000.0,44093137000000.0,44537350000000.0,44315628000000.0
2027.0,43508577000000.0,44020660000000.0,43369967000000.0,43929278000000.0,43766338000000.0,44179560000000.0,43912350000000.0,43975970000000.0,44603344000000.0,44247764000000.0
2028.0,43280720000000.0,43991290000000.0,43277450000000.0,43907312000000.0,43696920000000.0,44084836000000.0,43894142000000.0,43908360000000.0,44555072000000.0,44177295000000.0
2029.0,43080600000000.0,43962937000000.0,43290666000000.0,43827550000000.0,43607840000000.0,44031527000000.0,43789213000000.0,43778670000000.0,44560200000000.0,44116830000000.0
2030.0,43039595000000.0,43939580000000.0,43274153000000.0,43731930000000.0,43466705000000.0,44076730000000.0,43530660000000.0,43666760000000.0,44520150000000.0,44094200000000.0
2031.0,42945390000000.0,43857170000000.0,43218897000000.0,43661513000000.0,43380566000000.0,43964770000000.0,43289575000000.0,43675440000000.0,44491870000000.0,44073516000000.0
2032.0,42810870000000.0,43824950000000.0,43111280000000.0,43597034000000.0,43305484000000.0,43815063000000.0,43098378000000.0,43576403000000.0,44365427000000.0,44054590000000.0
2033.0,42633238000000.0,43804990000000.0,43029240000000.0,43531817000000.0,43172026000000.0,43597244000000.0,42938134000000.0,43400615000000.0,44423690000000.0,44032877000000.0
2034.0,42518860000000.0,43582673000000.0,42982942000000.0,43382236000000.0,43059362000000.0,43479890000000.0,42762108000000.0,43401127000000.0,44425570000000.0,43838550000000.0
2035.0,42350194000000.0,43458310000000.0,42806127000000.0,43306270000000.0,42969327000000.0,43446480000000.0,42605795000000.0,43335662000000.0,44397400000000.0,43673786000000.0
2036.0,42175224000000.0,43355644000000.0,42664760000000.0,43238960000000.0,42850247000000.0,43422598000000.0,42490732000000.0,43256134000000.0,44240420000000.0,43599417000000.0
2037.0,42024263000000.0,43183904000000.0,42497913000000.0,43113993000000.0,42750716000000.0,43302890000000.0,42334167000000.0,43270560000000.0,44227468000000.0,43517820000000.0
2038.0,41758640000000.0,43093720000000.0,42343063000000.0,43016300000000.0,42646253000000.0,43150094000000.0,42204177000000.0,43218813000000.0,44207297000000.0,43451974000000.0
2039.0,41642620000000.0,42993436000000.0,42146480000000.0,42938554000000.0,42555064000000.0,43105960000000.0,42154265000000.0,43152145000000.0,44270866000000.0,43369535000000.0
2040.0,41498420000000.0,43038110000000.0,41900790000000.0,42926020000000.0,42425762000000.0,43064180000000.0,41964846000000.0,43059727000000.0,44186410000000.0,43282126000000.0
2041.0,41302350000000.0,43045483000000.0,41775004000000.0,42782780000000.0,42327146000000.0,42970812000000.0,41723535000000.0,42815296000000.0,44210674000000.0,43202548000000.0
2042.0,41174035000000.0,43031126000000.0,41520237000000.0,42671950000000.0,42393512000000.0,42950180000000.0,41538407000000.0,42772724000000.0,44208933000000.0,43137964000000.0
2043.0,41079440000000.0,42922760000000.0,41368815000000.0,42598635000000.0,42237610000000.0,42742005000000.0,41234593000000.0,42746860000000.0,44195880000000.0,43058530000000.0
2044.0,40906124000000.0,42703210000000.0,41172700000000.0,42404880000000.0,42163216000000.0,42638640000000.0,40922998000000.0,42623977000000.0,44205385000000.0,42959307000000.0
2045.0,40772260000000.0,42442213000000.0,40987400000000.0,42252500000000.0,42067390000000.0,42532315000000.0,40703300000000.0,42581723000000.0,44144560000000.0,42831970000000.0
2046.0,40610780000000.0,42219770000000.0,40769490000000.0,42101752000000.0,41952645000000.0,42281067000000.0,40514875000000.0,42544763000000.0,44107810000000.0,42829313000000.0
2047.0,40492320000000.0,42081590000000.0,40570750000000.0,41921080000000.0,41730760000000.0,42058803000000.0,40300030000000.0,42525600000000.0,44103467000000.0,42784430000000.0
2048.0,40369510000000.0,41993317000000.0,40323170000000.0,41794545000000.0,41581084000000.0,41902154000000.0,40053690000000.0,42476996000000.0,44018386000000.0,42663930000000.0
2049.0,40164307000000.0,41864414000000.0,40089606000000.0,41599094000000.0,41462213000000.0,41736735000000.0,39772228000000.0,42410010000000.0,43958973000000.0,42643740000000.0
2050.0,39963723000000.0,41715650000000.0,39928260000000.0,41513317000000.0,41377728000000.0,41610120000000.0,39536430000000.0,42247224000000.0,43945470000000.0,42635243000000.0
2051.0,39600395000000.0,41572134000000.0,39792190000000.0,41387404000000.0,41180637000000.0,41520124000000.0,39257037000000.0,42101937000000.0,43966502000000.0,42557464000000.0
2052.0,39400560000000.0,41454903000000.0,39558947000000.0,41264284000000.0,41090174000000.0,41358880000000.0,39060647000000.0,41995423000000.0,44076364000000.0,42480024000000.0
2053.0,39075650000000.0,41370664000000.0,39329733000000.0,41128787000000.0,40906267000000.0,41238940000000.0,38950513000000.0,41903475000000.0,44126557000000.0,42346473000000.0
2054.0,38907803000000.0,41117740000000.0,39046714000000.0,40973007000000.0,40688016000000.0,40991980000000.0,38710217000000.0,41747580000000.0,44105476000000.0,42294430000000.0
2055.0,38678097000000.0,41019454000000.0,38735673000000.0,40924357000000.0,40630500000000.0,40673370000000.0,38448070000000.0,41654180000000.0,44035690000000.0,42186020000000.0
2056.0,38429883000000.0,40778735000000.0,38399872000000.0,40947250000000.0,40507305000000.0,40460085000000.0,38038460000000.0,41547576000000.0,44018587000000.0,42116978000000.0
2057.0,38219280000000.0,40514447000000.0,38180380000000.0,40792070000000.0,40311225000000.0,40227930000000.0,37659683000000.0,41556780000000.0,43972437000000.0,42059840000000.0
2058.0,37877845000000.0,40282964000000.0,37907530000000.0,40733063000000.0,40190070000000.0,40049940000000.0,37142277000000.0,41414105000000.0,43922315000000.0,41971473000000.0
2059.0,37583564000000.0,40031582000000.0,37619858000000.0,40644480000000.0,40011865000000.0,39656427000000.0,36871870000000.0,41302805000000.0,43856390000000.0,41928473000000.0
2060.0,37367826000000.0,39758516000000.0,37390282000000.0,40551140000000.0,39932850000000.0,39438143000000.0,36494656000000.0,41194084000000.0,43902183000000.0,41922253000000.0
2061.0,37109784000000.0,39536457000000.0,37142365000000.0,40409326000000.0,39759225000000.0,39262370000000.0,36189185000000.0,41084936000000.0,43884720000000.0,41774672000000.0
2062.0,36786206000000.0,39348300000000.0,36640995000000.0,40279420000000.0,39556498000000.0,38949087000000.0,35843250000000.0,40929558000000.0,43838933000000.0,41685810000000.0
2063.0,36504047000000.0,39104170000000.0,36365585000000.0,40028320000000.0,39444443000000.0,38746292000000.0,35536073000000.0,40737924000000.0,43828627000000.0,41575606000000.0
2064.0,36179690000000.0,38916170000000.0,36019650000000.0,39857284000000.0,39226112000000.0,38501650000000.0,35087897000000.0,40577203000000.0,43658460000000.0,41481190000000.0
2065.0,35942455000000.0,38562125000000.0,35689945000000.0,39732415000000.0,39000210000000.0,38283313000000.0,34847597000000.0,40495160000000.0,43613002000000.0,41375765000000.0
2066.0,35622610000000.0,38192523000000.0,35364006000000.0,39632155000000.0,38790600000000.0,38042543000000.0,34494908000000.0,40314470000000.0,43679805000000.0,41169715000000.0
2067.0,35335912000000.0,37796990000000.0,34899870000000.0,39438655000000.0,38656778000000.0,37887437000000.0,34061106000000.0,40181560000000.0,43703330000000.0,41061050000000.0
2068.0,35049385000000.0,37565684000000.0,34491490000000.0,39259200000000.0,38514616000000.0,37571044000000.0,33619777000000.0,40071974000000.0,43506114000000.0,40971144000000.0
2069.0,34755236000000.0,37352114000000.0,34040034000000.0,38978514000000.0,38363378000000.0,37205125000000.0,33052286000000.0,39935080000000.0,43422103000000.0,40872842000000.0
2070.0,34386050000000.0,37144690000000.0,33679910000000.0,38780340000000.0,38219337000000.0,36925650000000.0,32506676000000.0,39856395000000.0,43411285000000.0,40795973000000.0
2071.0,34002580000000.0,36937940000000.0,33184926000000.0,38601680000000.0,38075145000000.0,36626923000000.0,32090209000000.0,39810320000000.0,43316356000000.0,40715514000000.0
2072.0,33587135000000.0,36648810000000.0,32887078000000.0,38385760000000.0,37920078000000.0,36363830000000.0,31673922000000.0,39689930000000.0,43178440000000.0,40638473000000.0
2073.0,33333558000000.0,36361663000000.0,32543024000000.0,38226660000000.0,37769087000000.0,36025024000000.0,31247290000000.0,39452676000000.0,43087320000000.0,40490762000000.0
2074.0,32960537000000.0,36102577000000.0,32229430000000.0,38077390000000.0,37529610000000.0,35688000000000.0,30887029000000.0,39207480000000.0,42981176000000.0,40271990000000.0
2075.0,32643033000000.0,35902642000000.0,31845771000000.0,37917553000000.0,37308630000000.0,35220628000000.0,30627053000000.0,39016968000000.0,42888742000000.0,40107445000000.0
2076.0,32166254000000.0,35645485000000.0,31412216000000.0,37762347000000.0,37057060000000.0,34921425000000.0,30305560000000.0,38901113000000.0,42713620000000.0,39904424000000.0
2077.0,31741792000000.0,35374047000000.0,30936092000000.0,37544763000000.0,36857547000000.0,34609340000000.0,29836335000000.0,38771714000000.0,42508118000000.0,39743983000000.0
2078.0,31361778000000.0,35034677000000.0,30526250000000.0,37367465000000.0,36536943000000.0,34269661000000.0,29415887000000.0,38543796000000.0,42392840000000.0,39636806000000.0
2079.0,30945140000000.0,34752010000000.0,30190101000000.0,37145637000000.0,36283070000000.0,33976337000000.0,28891614000000.0,38310307000000.0,42274067000000.0,39553240000000.0
2080.0,30358406000000.0,34457443000000.0,29683555000000.0,36866620000000.0,35994334000000.0,33638081000000.0,28422762000000.0,38116390000000.0,42181818000000.0,39260774000000.0
2081.0,29942918000000.0,34187122000000.0,29206260000000.0,36622645000000.0,35751980000000.0,33268798000000.0,27964704000000.0,37881788000000.0,42046027000000.0,39036022000000.0
2082.0,29416602000000.0,33925550000000.0,28708790000000.0,36342717000000.0,35584630000000.0,32945912000000.0,27515780000000.0,37662260000000.0,41888720000000.0,38851918000000.0
2083.0,28857237000000.0,33669240000000.0,28232259000000.0,35985052000000.0,35401285000000.0,32623494000000.0,26977545000000.0,37443626000000.0,41751450000000.0,38662490000000.0
2084.0,28155323000000.0,33267779000000.0,27768710000000.0,35707372000000.0,35106503000000.0,32174548000000.0,26421418000000.0,37234230000000.0,41574487000000.0,38440826000000.0
2085.0,27543086000000.0,32857857000000.0,27272977000000.0,35340065000000.0,34778806000000.0,31761969000000.0,25796974000000.0,37090580000000.0,41423143000000.0,38238413000000.0
2086.0,27078567000000.0,32429945000000.0,26800772000000.0,35116225000000.0,34411255000000.0,31282952000000.0,25310640000000.0,36989903000000.0,41211147000000.0,38113443000000.0
2087.0,26518718000000.0,32208272000000.0,26384221000000.0,34720033000000.0,34094680000000.0,30814593000000.0,24799156000000.0,36843488000000.0,40977545000000.0,37928244000000.0
2088.0,26070363000000.0,31917164000000.0,25743790000000.0,34399490000000.0,33765650000000.0,30341585000000.0,24304440000000.0,36639573000000.0,40771705000000.0,37741430000000.0
2089.0,25403905000000.0,31578206000000.0,25176085000000.0,34005689000000.0,33388986000000.0,29974908000000.0,23826836000000.0,36460678000000.0,40594490000000.0,37466413000000.0
2090.0,24955236000000.0,31215070000000.0,24562610000000.0,33708080000000.0,33046466000000.0,29541040000000.0,23271123000000.0,36321733000000.0,40448890000000.0,37250956000000.0
2091.0,24459287000000.0,30840434000000.0,23993715000000.0,33473708000000.0,32702103000000.0,28895766000000.0,22764461000000.0,36109304000000.0,40214030000000.0,37050695000000.0
2092.0,23962694000000.0,30423320000000.0,23330080000000.0,33187552000000.0,32411356000000.0,28471190000000.0,22306390000000.0,35916580000000.0,40009570000000.0,36921390000000.0
2093.0,23297264000000.0,30074328000000.0,22789619000000.0,32869842000000.0,32138812000000.0,27984726000000.0,21863220000000.0,35617103000000.0,39844395000000.0,36834877000000.0
2094.0,22617843000000.0,29731882000000.0,22192771000000.0,32656343000000.0,31875560000000.0,27478802000000.0,21429932000000.0,35468528000000.0,39691310000000.0,36722717000000.0
2095.0,22122942000000.0,29432272000000.0,21533278000000.0,32425625000000.0,31515562000000.0,26997246000000.0,20897547000000.0,35189400000000.0,39398045000000.0,36509093000000.0
2096.0,21612129000000.0,29025372000000.0,20816335000000.0,32109170000000.0,31176849000000.0,26578547000000.0,20199510000000.0,34973128000000.0,39137025000000.0,36250670000000.0
2097.0,21110857000000.0,28726320000000.0,20159930000000.0,31759584000000.0,30738508000000.0,26170945000000.0,19635636000000.0,34720580000000.0,38939386000000.0,35988690000000.0
2098.0,20591208000000.0,28323491000000.0,19579200000000.0,31440029000000.0,30277995000000.0,25780550000000.0,19096899000000.0,34507776000000.0,38725030000000.0,35729053000000.0
2099.0,20082487000000.0,28038346000000.0,18908086000000.0,31152664000000.0,29887952000000.0,25398199000000.0,18649237000000.0,34217948000000.0,38556114000000.0,35491253000000.0
2100.0,19562223000000.0,27764963000000.0,18318507000000.0,30862165000000.0,29545090000000.0,24889677000000.0,18193968000000.0,34086679000000.0,38188337000000.0,35277553000000.0
