time,CESM2-WACCM,MRI-ESM2-0,IPSL-CM6A-LR,CANESM5
2000.0,154846990780000.0,154846990780000.0,154846990780000.0,154846990780000.0
2001.0,154740725020000.0,154740725020000.0,154740725020000.0,154740725020000.0
2002.0,154551745019000.0,154551745019000.0,154551745019000.0,154551745019000.0
2003.0,154219225948000.0,154219225948000.0,154219225948000.0,154219225948000.0
2004.0,153909147275000.0,153909147275000.0,153909147275000.0,153909147275000.0
2005.0,153661811517000.0,153661811517000.0,153661811517000.0,153661811517000.0
2006.0,153454006270000.0,153454006270000.0,153454006270000.0,153454006270000.0
2007.0,153162498533000.0,153162498533000.0,153162498533000.0,153162498533000.0
2008.0,152762676147000.0,152762676147000.0,152762676147000.0,152762676147000.0
2009.0,152499089637000.0,152499089637000.0,152499089637000.0,152499089637000.0
2010.0,151992339880000.0,151992339880000.0,151992339880000.0,151992339880000.0
2011.0,151633380180000.0,151633380180000.0,151633380180000.0,151633380180000.0
2012.0,151278846061000.0,151278846061000.0,151278846061000.0,151278846061000.0
2013.0,150957431022000.0,150957431022000.0,150957431022000.0,150957431022000.0
2014.0,150618963757000.0,150618963757000.0,150618963757000.0,150618963757000.0
2015.0,150448330412000.0,150448330412000.0,150448330412000.0,150448330412000.0
2016.0,150156339333000.0,150156339333000.0,150156339333000.0,150156339333000.0
2017.0,149737891828000.0,149737891828000.0,149737891828000.0,149737891828000.0
2018.0,149320884259000.0,149320884259000.0,149320884259000.0,149320884259000.0
2019.0,149064874895000.0,149064874895000.0,149064874895000.0,149064874895000.0
2020.0,148624635187000.0,148624635187000.0,148624635187000.0,148624635187000.0
2021.0,148142093749000.0,148177934370000.0,148164191460000.0,148077040692000.0
2022.0,147486118372000.0,147809008738000.0,147422955955000.0,147487578241000.0
2023.0,146883756607000.0,147061621321000.0,146865280885000.0,146852570552000.0
2024.0,146363871869000.0,146439294134000.0,146452841223000.0,146141975715000.0
2025.0,145698924953000.0,145864209903000.0,145828838418000.0,145304876384000.0
2026.0,145026914616000.0,145283785443000.0,145026275516000.0,144740129324000.0
2027.0,144345198562000.0,144738998931000.0,144588381712000.0,144136899241000.0
2028.0,143729294834000.0,144047729184000.0,143989214914000.0,143327906374000.0
2029.0,143143623839000.0,143508647578000.0,143428669644000.0,142433221796000.0
2030.0,142701220642000.0,143014955973000.0,142749001479000.0,141855266529000.0
2031.0,142261981097000.0,142215126458000.0,141912749729000.0,140983292315000.0
2032.0,141746787494000.0,141503889296000.0,141123863538000.0,140061566185000.0
2033.0,141094951216000.0,140849763779000.0,140427962407000.0,139231140337000.0
2034.0,140427693695000.0,140113265638000.0,139823857397000.0,138321184733000.0
2035.0,139752464498000.0,139408192971000.0,139307136575000.0,137414752258000.0
2036.0,139114998993000.0,138695197040000.0,138734049292000.0,136451090068000.0
2037.0,138405152272000.0,137880506053000.0,138080371116000.0,135600279616000.0
2038.0,137372860096000.0,137017126647000.0,137318066718000.0,134624845767000.0
2039.0,136543538102000.0,136089262156000.0,136635821274000.0,133628039425000.0
2040.0,135688734393000.0,135322152893000.0,135891279453000.0,132742853020000.0
2041.0,134888502713000.0,134465471997000.0,135110596332000.0,131676761309000.0
2042.0,133969694020000.0,133431758574000.0,134445484300000.0,130439036269000.0
2043.0,133224586282000.0,132463261633000.0,133564018949000.0,129342851502000.0
2044.0,132237603945000.0,131659945725000.0,132648105317000.0,128218431065000.0
2045.0,131347959364000.0,130588426675000.0,131699111129000.0,127172423401000.0
2046.0,130461679552000.0,129715927620000.0,130649611489000.0,126029950819000.0
2047.0,129639641657000.0,128615091667000.0,129745663662000.0,124980196419000.0
2048.0,128783467184000.0,127564698832000.0,128769274917000.0,123675301112000.0
2049.0,127815712837000.0,126568381021000.0,127788811021000.0,122558017605000.0
2050.0,126761524324000.0,125497899774000.0,126963663825000.0,121483312603000.0
2051.0,125771463298000.0,124487754417000.0,126111986678000.0,120432451203000.0
2052.0,124590085336000.0,123536216678000.0,125199515259000.0,119197219687000.0
2053.0,123436942466000.0,122353483738000.0,124246188086000.0,118074202322000.0
2054.0,122315488436000.0,121243372825000.0,123237323444000.0,116949165958000.0
2055.0,121352516857000.0,120239563251000.0,122222177289000.0,115713430715000.0
2056.0,120111335559000.0,119312343958000.0,121211619392000.0,114573099995000.0
2057.0,118872761935000.0,118361281924000.0,120318018571000.0,113227090340000.0
2058.0,117790421595000.0,117286440065000.0,119272069102000.0,112013068725000.0
2059.0,116667194977000.0,116310962437000.0,118354942354000.0,110856903969000.0
2060.0,115740481995000.0,115512926291000.0,117458174519000.0,109494395851000.0
2061.0,114783887372000.0,114520370499000.0,116348197546000.0,108377222518000.0
2062.0,113798988588000.0,113614206972000.0,115289600444000.0,107203948332000.0
2063.0,112797637558000.0,112936840611000.0,114185864589000.0,106065140394000.0
2064.0,111746462077600.0,111974177273000.0,113304499062000.0,104941920194000.0
2065.0,110609789280500.0,111051976490000.0,112359925576000.0,103768180553400.0
2066.0,109642340144000.0,110122273329000.0,111484351472000.0,102639219034700.0
2067.0,108599222207400.0,109365950809000.0,110535048873000.0,101617399988500.0
2068.0,107591953080000.0,108768842515000.0,109635567092600.0,100478443582400.0
2069.0,106637960645000.0,108138937704000.0,108581350296000.0,99242762760000.0
2070.0,105666911131700.0,107424763623000.0,107670388023000.0,98265640396400.0
2071.0,104614603299000.0,106644093379000.0,106827524952400.0,97367367773100.0
2072.0,103608466344000.0,105785007042000.0,105915815254000.0,96160724936400.0
2073.0,102694155319000.0,104961510976000.0,105013890370600.0,95087122788000.0
2074.0,101827925619300.0,104203999730000.0,104113699946000.0,94371898348000.0
2075.0,101076730896000.0,103402767769000.0,103281521755400.0,93415689287300.0
2076.0,100038424353400.0,102636883606000.0,102366677740400.0,92405759468000.0
2077.0,99285825257500.0,101770414446000.0,101634776222400.0,91319326083000.0
2078.0,98370560393300.0,101058451002000.0,100814476701700.0,90413874141100.0
2079.0,97436027300000.0,100243907397000.0,100116539975000.0,89561029240300.0
2080.0,96494661063000.0,99432148726000.0,99437635524000.0,88911856379000.0
2081.0,95813011349600.0,98606163268000.0,98908433292000.0,88083112333200.0
2082.0,95203785688300.0,97894197429000.0,98151304344600.0,87263907629000.0
2083.0,94359077708300.0,97179881188000.0,97345567914000.0,86435303673300.0
2084.0,93499261888300.0,96478597678000.0,96651687294000.0,85501118895000.0
2085.0,92849200725700.0,95765750663000.0,95930061465600.0,84759411480900.0
2086.0,92333881665000.0,95275187178000.0,95236315865700.0,84105082670400.0
2087.0,91664219671000.0,94924023778000.0,94498055805500.0,83431112986700.0
2088.0,90888546598700.0,94540228869000.0,93957095992000.0,82693717548900.0
2089.0,90151676814500.0,94143487586000.0,93386464386000.0,81942783151000.0
2090.0,89440164727600.0,93623239081000.0,92614395013400.0,81233845463000.0
2091.0,88620950251600.0,93199915070000.0,91997396708000.0,80567482494000.0
2092.0,88028118911600.0,92600576705000.0,91368310253600.0,80044169430400.0
2093.0,87471397286000.0,92160885896000.0,90688955002600.0,79459650500400.0
2094.0,86742860559600.0,91552507647000.0,90128241058000.0,78711351011600.0
2095.0,86014341389300.0,91143225171000.0,89520137295000.0,78021860423500.0
2096.0,85262799983400.0,90789407568000.0,88978995822500.0,77203557876300.0
2097.0,84604377079300.0,90458041399000.0,88494672990000.0,76574911262700.0
2098.0,83945919667700.0,90073267762000.0,87906066750000.0,76048235091700.0
2099.0,83403974581000.0,89734778839000.0,87425754487600.0,75478326723000.0
2100.0,82781098091000.0,89326179994000.0,86905597496000.0,74772589333100.0
2101.0,82290837083000.0,88933472670000.0,86302627396500.0,74274963710300.0
2102.0,81543972157000.0,88580160416000.0,85737480227700.0,73782387084000.0
2103.0,80924487919000.0,88270595178000.0,85229403280000.0,73279409531000.0
2104.0,80447910338000.0,88021184100000.0,84703675002600.0,72831570650200.0
2105.0,79981242904000.0,87719212047000.0,84283643701000.0,72377244565400.0
2106.0,79594594112000.0,87483663609000.0,83795730080000.0,71799066206000.0
2107.0,79213953747000.0,87264138419000.0,83273579257000.0,71359969161000.0
2108.0,78682644237000.0,86859459331000.0,82852533897000.0,70827477128200.0
2109.0,78119714048000.0,86590459163000.0,82288382164000.0,70397437240700.0
2110.0,77752184446000.0,86251072933000.0,81966221668000.0,69917318757800.0
2111.0,77492612388000.0,85943634638000.0,81528431824000.0,69463452088600.0
2112.0,77014229296000.0,85595677280000.0,81260592484000.0,69007365112200.0
2113.0,76503189398000.0,85345603946000.0,80899428887000.0,68550316629500.0
2114.0,76088299126000.0,85082918513000.0,80414260371000.0,68176332087500.0
2115.0,75677369970000.0,84788958042000.0,80124481853700.0,67786544359300.0
2116.0,75285280056000.0,84524622314000.0,79795271051000.0,67533853619500.0
2117.0,74885519537000.0,84342494837000.0,79584858445000.0,67324042955400.0
2118.0,74462088948000.0,84066411656000.0,79309678718000.0,67038425016300.0
2119.0,74154267451000.0,83809042047000.0,78952336488400.0,66784639091400.0
2120.0,73865028686000.0,83528951205000.0,78566475903000.0,66397828041300.0
2121.0,73557644405000.0,83156482629000.0,78227618179700.0,66029368340700.0
2122.0,73277071498000.0,82997809804000.0,77847102684000.0,65687098464700.0
2123.0,72926621629000.0,82781248493000.0,77525425947000.0,65361977798400.0
2124.0,72796758638000.0,82545661934000.0,77165611030400.0,65100023783300.0
2125.0,72538482967000.0,82276686996000.0,76916262699400.0,64838524070800.0
2126.0,72292260744000.0,82073952527000.0,76704481805500.0,64607055445500.0
2127.0,72085814628000.0,81959449805000.0,76364088382700.0,64254982468200.0
2128.0,71756487103000.0,81906669004000.0,75862165254000.0,63949042168600.0
2129.0,71472717807000.0,81885987002000.0,75431945899000.0,63615929565000.0
2130.0,71274038433000.0,81646473052000.0,75096968370500.0,63292171746400.0
2131.0,70968197466000.0,81500727779000.0,74872622804300.0,62976340814600.0
2132.0,70812751079000.0,81401332509000.0,74627453958700.0,62607035352100.0
2133.0,70647321662000.0,81253491758000.0,74363369169600.0,62378027917900.0
2134.0,70422420551000.0,80960786859000.0,74060951127000.0,62153336770200.0
2135.0,70214475048000.0,80886389801000.0,73683405962900.0,61966292857600.0
2136.0,70015415164000.0,80819536316000.0,73375989164300.0,61705693099200.0
2137.0,69760711348000.0,80759421590000.0,73238221226300.0,61597733004860.0
2138.0,69573077461000.0,80681860003000.0,73006590924800.0,61403275111700.0
2139.0,69343223496000.0,80644224315000.0,72651773231600.0,61174037929060.0
2140.0,69153447860000.0,80519163425000.0,72434559555000.0,60970507625800.0
2141.0,68945651344000.0,80429281279000.0,72189881721800.0,60739528411600.0
2142.0,68749894975000.0,80304227686000.0,72049612675000.0,60635298390400.0
2143.0,68493025687000.0,80239387312000.0,71851690381500.0,60484260475000.0
2144.0,68235511663000.0,80149737539000.0,71647942691600.0,60206486392140.0
2145.0,68131902003000.0,80040976802000.0,71515761304000.0,59986820364400.0
2146.0,67933119340000.0,80011587807000.0,71348686119700.0,59740559015400.0
2147.0,67747194710000.0,79937768028000.0,71130751905500.0,59624294880200.0
2148.0,67508728036000.0,79880028085000.0,70852426035200.0,59455483583430.0
2149.0,67393347215000.0,79767416683000.0,70663090339800.0,59318491296000.0
2150.0,67333483108000.0,79712557406000.0,70270218251400.0,59158042598500.0
2151.0,67333294215000.0,79632261265000.0,70064093446400.0,59104433146600.0
2152.0,67199739761000.0,79544541106000.0,69803724388500.0,59019195550100.0
2153.0,66925280370000.0,79544532672000.0,69593316565100.0,58896516669000.0
2154.0,66779232819000.0,79524746090000.0,69482607810600.0,58780244090650.0
2155.0,66563759327000.0,79421637730000.0,69248965280500.0,58586010305200.0
2156.0,66390268722000.0,79380823871000.0,69089336028100.0,58450590705550.0
2157.0,66351416735000.0,79415650314000.0,68863435226200.0,58374395291900.0
2158.0,66084777891000.0,79496125829000.0,68721679554900.0,58251325056570.0
2159.0,65898695769000.0,79443922082000.0,68500790291400.0,58121018963200.0
2160.0,65797318162000.0,79412139646000.0,68330845441900.0,58071950328660.0
2161.0,65704069135000.0,79410968704000.0,68238222130700.0,57984270682370.0
2162.0,65558731265000.0,79347691295000.0,68140537660300.0,57821012740600.0
2163.0,65443462027000.0,79236582466000.0,67979523001800.0,57681507427330.0
2164.0,65418073838000.0,79257818757000.0,67756216990700.0,57569487072640.0
2165.0,65356315021000.0,79236036258000.0,67582547040700.0,57407008731540.0
2166.0,65330677421000.0,79280173193000.0,67433791295900.0,57314519790520.0
2167.0,65238741657000.0,79314039607000.0,67253969498900.0,57258921932450.0
2168.0,65159044937000.0,79321393545000.0,67104677643900.0,57053039266000.0
2169.0,64987588651000.0,79302914314000.0,66919938615650.0,56916074580220.0
2170.0,64787237453000.0,79371867544000.0,66673176537500.0,56809351543680.0
2171.0,64703858346000.0,79325759365000.0,66574659879260.0,56736982448260.0
2172.0,64608637407000.0,79312843716000.0,66476536531000.0,56689057055900.0
2173.0,64577374106000.0,79307920928000.0,66399731566370.0,56593836128820.0
2174.0,64410116834000.0,79381648750000.0,66270640664200.0,56478198308380.0
2175.0,64300450228000.0,79338809386000.0,66149977248600.0,56396270141220.0
2176.0,64062075729000.0,79542826265000.0,65979220119640.0,56328463120300.0
2177.0,63920986758000.0,79640739609000.0,65826708426800.0,56150241890060.0
2178.0,63904735812000.0,79670131194000.0,65692687471350.0,56018801915750.0
2179.0,63808980742000.0,79619093996000.0,65461677690540.0,55930022738800.0
2180.0,63570488258000.0,79631977885000.0,65414336203840.0,55757720423720.0
2181.0,63465858466000.0,79698304029000.0,65240463541200.0,55671630327840.0
2182.0,63287915513000.0,79773103051000.0,65173817501740.0,55582443927360.0
2183.0,63166937054000.0,79768839108000.0,65028213541950.0,55511743215470.0
2184.0,62851549857000.0,79843101048000.0,64916339921900.0,55402917301700.0
2185.0,62701783569000.0,79864649574000.0,64720006213200.0,55328855121060.0
2186.0,62574494195000.0,79871312517000.0,64565308811430.0,55218055304290.0
2187.0,62474083361000.0,79894554810000.0,64425636449100.0,55085587127540.0
2188.0,62411863110000.0,79928312354000.0,64353444017200.0,54993128382060.0
2189.0,62236065691000.0,79974900379000.0,64310455759150.0,54892255600380.0
2190.0,62183004247000.0,80018615101000.0,64235039164600.0,54820326454350.0
2191.0,62134405251000.0,80012561245000.0,64135019553340.0,54810556827700.0
2192.0,62115994580000.0,80137830411000.0,63973615803140.0,54726236748800.0
2193.0,62062412901000.0,80138201937000.0,63959617601740.0,54625118083580.0
2194.0,61959470190000.0,80180730173000.0,63881162150650.0,54572806197640.0
2195.0,61864038929000.0,80318027690000.0,63745623973500.0,54542670882060.0
2196.0,61872657027000.0,80442278028000.0,63628563121300.0,54438838514620.0
2197.0,61725791153000.0,80425991299000.0,63600408856000.0,54432460281800.0
2198.0,61653369851000.0,80408596964000.0,63525552105600.0,54346861604960.0
2199.0,61586576033000.0,80439834180000.0,63352599714840.0,54278109438060.0
2200.0,61470885947000.0,80416926670000.0,63269553815200.0,54268523054600.0
2201.0,61420992863000.0,80465500047000.0,63119790294500.0,54175064227870.0
2202.0,61458517437000.0,80470727048000.0,63022534551400.0,54035554173920.0
2203.0,61259795298000.0,80509973807000.0,62923843384500.0,54030645914000.0
2204.0,61126459331000.0,80540383739000.0,62881296660500.0,53962907626540.0
2205.0,60931712079000.0,80530752137000.0,62714145613100.0,53848326277060.0
2206.0,60792993499000.0,80572454971000.0,62634213092500.0,53680932358740.0
2207.0,60701622163000.0,80680849257000.0,62542768115220.0,53593797760920.0
2208.0,60659752338000.0,80652383039000.0,62557430027350.0,53563977383700.0
2209.0,60573567418000.0,80620805273000.0,62437040913260.0,53535452193010.0
2210.0,60491409486000.0,80606102776000.0,62335936100800.0,53398085522970.0
2211.0,60338491994000.0,80663024903000.0,62313601107700.0,53293517817660.0
2212.0,60153063919000.0,80730441663000.0,62371997549220.0,53302249999870.0
2213.0,60009149870000.0,80722283378000.0,62316673399530.0,53261649685110.0
2214.0,59881853820000.0,80740683261000.0,62212638062770.0,53174191635760.0
2215.0,59697569992000.0,80686447776000.0,62221248638380.0,53119592411290.0
2216.0,59644460062000.0,80691352306000.0,62151665016920.0,53126397799040.0
2217.0,59591318959000.0,80773162747000.0,62068133405660.0,53042420842690.0
2218.0,59410756421000.0,80729896667000.0,62040547972860.0,52940437729480.0
2219.0,59257418169000.0,80709050131000.0,62018302530700.0,52906504256010.0
2220.0,59063409492000.0,80666039917000.0,62011920509900.0,52856405419060.0
2221.0,58929828522000.0,80704338287000.0,61966083090300.0,52677985955660.0
2222.0,58796573733000.0,80784918959000.0,61963892800020.0,52634147900190.0
2223.0,58691429486000.0,80822086415000.0,61912555366000.0,52524083957560.0
2224.0,58412497722000.0,80776774759000.0,61875425290300.0,52355471040060.0
2225.0,58257073099000.0,80895896655000.0,61852055732400.0,52303831087420.0
2226.0,58146281085000.0,81037864571000.0,61743684614340.0,52240849151670.0
2227.0,57987290878000.0,81046228285000.0,61678562408950.0,52105369471970.0
2228.0,57852649404000.0,81083462676000.0,61646733372340.0,52059456585460.0
2229.0,57747390898000.0,81023423756000.0,61603565406300.0,51997488221140.0
2230.0,57529002562000.0,81031412866000.0,61630077361600.0,51990339973500.0
2231.0,57420420329000.0,81063690389000.0,61581105179050.0,51955151047520.0
2232.0,57241221327000.0,81146224928000.0,61590765129060.0,51950966380410.0
2233.0,57191344431000.0,81126257923000.0,61537277803700.0,51830114118030.0
2234.0,57036813680000.0,81272707645000.0,61509868530100.0,51819647595490.0
2235.0,56950987373000.0,81220955765000.0,61424832955430.0,51774987003910.0
2236.0,56811088742000.0,81294418376000.0,61422253790000.0,51738288635810.0
2237.0,56736451127000.0,81311995543000.0,61368555365660.0,51675903494560.0
2238.0,56579720931000.0,81428582326000.0,61285465371340.0,51643038101400.0
2239.0,56437574018000.0,81523022021000.0,61181856252400.0,51584713785770.0
2240.0,56401513440000.0,81566923312000.0,61052741070760.0,51611948353900.0
2241.0,56291396813000.0,81628041765000.0,61018085048000.0,51622763321140.0
2242.0,56214042720000.0,81625512955000.0,60886113978900.0,51542833245420.0
2243.0,56069025235000.0,81763309388000.0,60805541344500.0,51499092795460.0
2244.0,55965017759000.0,81887689153000.0,60684558757800.0,51435192556570.0
2245.0,55740753681000.0,81962918173000.0,60639003708740.0,51450383830460.0
2246.0,55595168420000.0,82143670125000.0,60620679187900.0,51356646983800.0
2247.0,55380193505000.0,82302221533000.0,60576472438050.0,51258975006500.0
2248.0,55169180716000.0,82411104002000.0,60391788247940.0,51175029329500.0
2249.0,55047471092000.0,82474049497000.0,60274717277430.0,51135855419460.0
2250.0,54946291181000.0,82532363417000.0,60221618129830.0,51153581702040.0
2251.0,54938045851000.0,82552883846000.0,60167130293820.0,51078052748780.0
2252.0,54816555215000.0,82648261204000.0,60098146652800.0,51085924107740.0
2253.0,54686877092000.0,82749771855000.0,60021348944200.0,51054510272530.0
2254.0,54488230679000.0,82787718845000.0,59947387834200.0,51054679515960.0
2255.0,54374185908000.0,82815137172000.0,59915597973560.0,51018223490016.0
2256.0,54209901111000.0,82816007225000.0,59947816191130.0,50929592270800.0
2257.0,54037204251000.0,82903211520000.0,59857726813600.0,50885002064650.0
2258.0,53851054826000.0,82913140439000.0,59797415287950.0,50932345135040.0
2259.0,53613500272000.0,82935793602000.0,59685949885820.0,50863164979470.0
2260.0,53482599192000.0,83092461482000.0,59707696841660.0,50872575743790.0
2261.0,53354786796000.0,83174350350000.0,59668457150200.0,50816412549470.0
2262.0,53212794586000.0,83200502140000.0,59640584389000.0,50766989254610.0
2263.0,53073998525000.0,83101664274000.0,59544256728640.0,50829250138696.0
2264.0,52865773740000.0,83043903277000.0,59404627840030.0,50822286563310.0
2265.0,52651565647000.0,83092135751000.0,59419230890200.0,50854976951640.0
2266.0,52450801232000.0,83078809185000.0,59370869144160.0,50776938846984.0
2267.0,52345093709000.0,83065621803000.0,59295962957750.0,50837347739450.0
2268.0,52114333430000.0,82989931967000.0,59192384365030.0,50754112099416.0
2269.0,51928255119000.0,82982389968000.0,59125075855480.0,50744189682880.0
2270.0,51858595177000.0,83038749307000.0,58904697781730.0,50744216168400.0
2271.0,51661661323000.0,83097981477000.0,58852229261140.0,50708353635200.0
2272.0,51506979492000.0,83214249103000.0,58834026245000.0,50729194181424.0
2273.0,51347373344000.0,83313377409000.0,58758493205200.0,50763227679920.0
2274.0,51208201031000.0,83490758166000.0,58689711162360.0,50719924669770.0
2275.0,51074382581000.0,83554704263000.0,58590829887000.0,50668858155576.0
2276.0,50923456919000.0,83643699389000.0,58428082554630.0,50645567234550.0
2277.0,50867253474000.0,83699895133000.0,58349723979100.0,50552774859410.0
2278.0,50751668109000.0,83775632541000.0,58341515495140.0,50553443805270.0
2279.0,50626914516000.0,83813683592000.0,58250804386530.0,50532929178860.0
2280.0,50605058900000.0,83874035363000.0,58170805754300.0,50478407830200.0
2281.0,50435653814000.0,83878294499000.0,58053190168500.0,50494561117200.0
2282.0,50292946747000.0,83906462462000.0,57952831483800.0,50495862189100.0
2283.0,50154930774000.0,84010672808000.0,57908701191660.0,50358308465180.0
2284.0,50065102902000.0,84083999279000.0,57875474359340.0,50374521563840.0
2285.0,49920382533000.0,84096156158000.0,57841874329670.0,50337430361070.0
2286.0,49726566221000.0,84038850409000.0,57865627122100.0,50321631090030.0
2287.0,49599175775000.0,84011807123000.0,57857717421200.0,50199359760700.0
2288.0,49492471960000.0,84058188304000.0,57782900480330.0,50162745817960.0
2289.0,49443058873000.0,84118183257000.0,57767880372440.0,50149078093450.0
2290.0,49277221530000.0,84087114616000.0,57805759221820.0,50282481485140.0
2291.0,49138800224000.0,84054880495000.0,57745953164580.0,50360246719720.0
2292.0,49003550917000.0,84082623477000.0,57777311604600.0,50336087739720.0
2293.0,48901424029000.0,84009058862000.0,57719963339560.0,50313824714200.0
2294.0,48778292808000.0,84099023186000.0,57689202081800.0,50274472402200.0
2295.0,48551799926000.0,84044049530000.0,57766181585620.0,50207461358920.0
2296.0,48442410367000.0,84079981972000.0,57773605448300.0,50212843234310.0
2297.0,48263705706000.0,84150980595000.0,57798397632550.0,50194861553820.0
2298.0,48106240493000.0,84061075920000.0,57808523931380.0,50236656464500.0
2299.0,47940770015000.0,84074625485000.0,57801179542250.0,50166230487620.0
2300.0,47796056018000.0,84043381235000.0,57705747676200.0,50201522649260.0
