time,CSIRO-MK3-6-0,MPI-ESM-LR,CCSM4,GISS-E2-R,CANESM2,GFDL-CM3,CNRM-CM5,NORESM1-M,IPSL-CM5A-LR,GFDL-ESM2G
2000.0,3066769700.0,3066769700.0,3066769700.0,3066769700.0,3066769700.0,3066769700.0,3066769700.0,3066769700.0,3066769700.0,3066769700.0
2001.0,3160188000.0,3160188000.0,3160188000.0,3160188000.0,3160188000.0,3160188000.0,3160188000.0,3160188000.0,3160188000.0,3160188000.0
2002.0,3068408600.0,3068408600.0,3068408600.0,3068408600.0,3068408600.0,3068408600.0,3068408600.0,3068408600.0,3068408600.0,3068408600.0
2003.0,2984368400.0,2984368400.0,2984368400.0,2984368400.0,2984368400.0,2984368400.0,2984368400.0,2984368400.0,2984368400.0,2984368400.0
2004.0,3008363000.0,3008363000.0,3008363000.0,3008363000.0,3008363000.0,3008363000.0,3008363000.0,3008363000.0,3008363000.0,3008363000.0
2005.0,2968654300.0,2968654300.0,2968654300.0,2968654300.0,2968654300.0,2968654300.0,2968654300.0,2968654300.0,2968654300.0,2968654300.0
2006.0,3031867100.0,3031867100.0,3031867100.0,3031867100.0,3031867100.0,3031867100.0,3031867100.0,3031867100.0,3031867100.0,3031867100.0
2007.0,2944890400.0,2944890400.0,2944890400.0,2944890400.0,2944890400.0,2944890400.0,2944890400.0,2944890400.0,2944890400.0,2944890400.0
2008.0,3109680400.0,3109680400.0,3109680400.0,3109680400.0,3109680400.0,3109680400.0,3109680400.0,3109680400.0,3109680400.0,3109680400.0
2009.0,3022586600.0,3022586600.0,3022586600.0,3022586600.0,3022586600.0,3022586600.0,3022586600.0,3022586600.0,3022586600.0,3022586600.0
2010.0,2933487400.0,2933487400.0,2933487400.0,2933487400.0,2933487400.0,2933487400.0,2933487400.0,2933487400.0,2933487400.0,2933487400.0
2011.0,2932991700.0,2932991700.0,2932991700.0,2932991700.0,2932991700.0,2932991700.0,2932991700.0,2932991700.0,2932991700.0,2932991700.0
2012.0,2989930800.0,2989930800.0,2989930800.0,2989930800.0,2989930800.0,2989930800.0,2989930800.0,2989930800.0,2989930800.0,2989930800.0
2013.0,3052667400.0,3052667400.0,3052667400.0,3052667400.0,3052667400.0,3052667400.0,3052667400.0,3052667400.0,3052667400.0,3052667400.0
2014.0,2943952100.0,2943952100.0,2943952100.0,2943952100.0,2943952100.0,2943952100.0,2943952100.0,2943952100.0,2943952100.0,2943952100.0
2015.0,2911599600.0,2911599600.0,2911599600.0,2911599600.0,2911599600.0,2911599600.0,2911599600.0,2911599600.0,2911599600.0,2911599600.0
2016.0,3242674200.0,3242674200.0,3242674200.0,3242674200.0,3242674200.0,3242674200.0,3242674200.0,3242674200.0,3242674200.0,3242674200.0
2017.0,2965335000.0,2965335000.0,2965335000.0,2965335000.0,2965335000.0,2965335000.0,2965335000.0,2965335000.0,2965335000.0,2965335000.0
2018.0,3044245500.0,3044245500.0,3044245500.0,3044245500.0,3044245500.0,3044245500.0,3044245500.0,3044245500.0,3044245500.0,3044245500.0
2019.0,2894116600.0,2894116600.0,2894116600.0,2894116600.0,2894116600.0,2894116600.0,2894116600.0,2894116600.0,2894116600.0,2894116600.0
2020.0,2928172500.0,2928172500.0,2928172500.0,2928172500.0,2928172500.0,2928172500.0,2928172500.0,2928172500.0,2928172500.0,2928172500.0
2021.0,2867776500.0,2884834000.0,2882637000.0,2869103000.0,2883734500.0,2866819000.0,2875074600.0,2884055800.0,2925700000.0,2870590700.0
2022.0,2995168300.0,2863683600.0,2991518200.0,2862635000.0,2873550800.0,2841502000.0,2852188400.0,2856510200.0,2854862600.0,2845094100.0
2023.0,2904126500.0,2860171800.0,2873043500.0,2847223300.0,2953860000.0,2811844400.0,2913843200.0,2834656500.0,2827446000.0,2830275000.0
2024.0,2869362700.0,2832154000.0,2830337000.0,2832024000.0,2884671000.0,2794548700.0,3136280300.0,2993367300.0,2815669500.0,2816956700.0
2025.0,2914908400.0,2840809700.0,2846226400.0,2804635600.0,2833101000.0,2768402400.0,2928781300.0,3107902500.0,2788751400.0,2813057500.0
2026.0,2888850700.0,2801949000.0,2832814800.0,2791324200.0,2814387200.0,2738518500.0,2933563100.0,3049289500.0,2828073700.0,2804085500.0
2027.0,2914329000.0,2779996200.0,2789631500.0,2787287000.0,2799985400.0,2712174000.0,2925750500.0,2890785300.0,2751526000.0,2766162000.0
2028.0,2970872800.0,2751166700.0,2885651700.0,2757311200.0,2768337400.0,2683515600.0,2872089600.0,2904169200.0,2728713000.0,2755245300.0
2029.0,3144336600.0,2842828000.0,2788612600.0,2723897600.0,2749187300.0,2648102100.0,2836331800.0,2899210800.0,2722282200.0,2731047000.0
2030.0,3058639400.0,2756065000.0,2904777000.0,2798828500.0,2736823300.0,2601833700.0,2791775000.0,2877148400.0,2678476800.0,2708041500.0
2031.0,2885120800.0,2794068700.0,2870691000.0,2686457300.0,2697390300.0,2565306600.0,2773060600.0,2862989000.0,2636749300.0,2670514000.0
2032.0,2876190000.0,2721095400.0,2802280400.0,2688417800.0,2680921300.0,2528175400.0,2765063000.0,2793108500.0,2589258200.0,2661581600.0
2033.0,2857388500.0,2684509700.0,2762359600.0,2629307600.0,2636121600.0,2518543600.0,2735149000.0,2829937200.0,2549205500.0,2633385000.0
2034.0,2833325300.0,2637801200.0,2719315200.0,2624008200.0,2602799600.0,2457756700.0,2725289500.0,2827010800.0,2492617500.0,2602819600.0
2035.0,2825558300.0,2605099500.0,2683745300.0,2602960400.0,2630587600.0,2412784600.0,2693290800.0,2752433400.0,2437096200.0,2607306500.0
2036.0,2766009900.0,2574865700.0,2651769600.0,2540146700.0,2562033000.0,2426758700.0,2673218800.0,2726741800.0,2383763000.0,2560327700.0
2037.0,2783700200.0,3299837200.0,2623921200.0,2494412300.0,2511050200.0,2354278000.0,2649236500.0,2811672600.0,2310761700.0,2560525000.0
2038.0,2748913700.0,2688775700.0,2614474800.0,2449664800.0,2467069700.0,2302810400.0,2634683400.0,2726050600.0,2262307300.0,2514931700.0
2039.0,2765270500.0,2648363800.0,2589624800.0,2405867000.0,2417537500.0,2242527500.0,2601745400.0,2656419600.0,2198886000.0,2486767900.0
2040.0,2697757000.0,2515416300.0,2569587500.0,2350669600.0,2383485400.0,2174293800.0,2662556700.0,2632766000.0,2119442300.0,2453750500.0
2041.0,2674487300.0,2505588000.0,2540077300.0,2298314800.0,2342356700.0,2130926200.0,2603772200.0,2612184600.0,2146511000.0,2412918500.0
2042.0,2717367600.0,2429379000.0,2512828700.0,2232928300.0,2277869000.0,2062522800.0,2554567000.0,2726813000.0,2057806600.0,2370869200.0
2043.0,2727384300.0,2376191200.0,2548932900.0,2148234000.0,2247515600.0,2001240400.0,2537419500.0,2584694500.0,1965098000.0,2376212700.0
2044.0,2627480800.0,2326698000.0,2520057300.0,2114098700.0,2214695200.0,1923530800.0,2489555000.0,2538087700.0,1900570800.0,2312680700.0
2045.0,2586540000.0,2441169000.0,2581690400.0,2035111300.0,2165859300.0,1859013900.0,2455085300.0,2504618200.0,1820501100.0,2606258400.0
2046.0,2547756500.0,2265511700.0,2434293800.0,1950333000.0,2099633900.0,1790201700.0,2427791000.0,2671100700.0,1718563300.0,2484979700.0
2047.0,2521956000.0,2228642300.0,2384114000.0,1874769400.0,2032790300.0,1733964900.0,2389758000.0,2550990800.0,1640578300.0,2357260300.0
2048.0,2543666400.0,2167046100.0,2346088700.0,1783190400.0,1975981800.0,1675644000.0,2368219100.0,2465805300.0,1556004200.0,2251469600.0
2049.0,2524552400.0,2128983800.0,2305770800.0,1707822300.0,1913704400.0,1609590700.0,2327478800.0,2416766000.0,1496260900.0,2209694000.0
2050.0,2574487800.0,2087392500.0,2261807600.0,1624161200.0,1863309000.0,1556450000.0,2276500000.0,2403409200.0,1419422500.0,2119993300.0
2051.0,2636810200.0,2028611600.0,2214343400.0,1569671000.0,1812227500.0,1472849900.0,2297602600.0,2348298200.0,1363912700.0,2090861400.0
2052.0,2441160700.0,1971115800.0,2160787500.0,1520271200.0,1739397900.0,1407354900.0,2211624200.0,2306407700.0,1292508400.0,2046534800.0
2053.0,2387912400.0,1924212200.0,2136783100.0,1476004600.0,1694139500.0,1357771500.0,2161502000.0,2273139500.0,1247896000.0,1998535200.0
2054.0,2367041800.0,2087470100.0,2058001500.0,1447651000.0,1632848900.0,1306524300.0,2106028900.0,2227061000.0,1173221600.0,1927299700.0
2055.0,2344892000.0,1893046500.0,2025054800.0,1380568000.0,1578083700.0,1261854700.0,2054975700.0,2188795600.0,1112767400.0,1871668900.0
2056.0,2302729700.0,1838135800.0,1983055100.0,1330510700.0,1524649900.0,1219416300.0,2010902000.0,2156411400.0,1078946400.0,1823121200.0
2057.0,2276695600.0,1789859000.0,1946243100.0,1294430100.0,1465267000.0,1166972800.0,1967617200.0,2126118400.0,1037782460.0,1766940700.0
2058.0,2253825500.0,1749632300.0,1896561500.0,1254258200.0,1405601900.0,1128244900.0,1911604500.0,2086153500.0,998577000.0,1710459000.0
2059.0,2398878700.0,1706530300.0,1854058400.0,1213627000.0,1653935900.0,1084240000.0,1938369900.0,2054518100.0,948004800.0,1671665200.0
2060.0,2814333200.0,1663698800.0,1800791200.0,1161700000.0,1342779900.0,1028174200.0,1828376600.0,2012695400.0,893532400.0,1618856000.0
2061.0,2423145000.0,1616047400.0,1765131000.0,1143709200.0,1286445700.0,981013700.0,1784901800.0,1980526600.0,856103360.0,1575896700.0
2062.0,2264556500.0,1561133800.0,1716260100.0,1118902800.0,1251220900.0,935888060.0,1736574700.0,2150517800.0,817991230.0,1518957200.0
2063.0,2210164200.0,1504872700.0,1667784100.0,1070738800.0,1205016300.0,898313860.0,1665755000.0,1930894700.0,779047550.0,1477166000.0
2064.0,2144283000.0,1468729700.0,1604986400.0,1041683700.0,1173360400.0,866420400.0,1648988200.0,1873955500.0,738337300.0,1433341000.0
2065.0,2094024300.0,1412086500.0,1566888300.0,1009480060.0,1132350500.0,832464600.0,1572167300.0,1821652500.0,714930050.0,1390627200.0
2066.0,2051507000.0,1403341300.0,1534189400.0,1008174850.0,1096621000.0,802899200.0,1648160800.0,1771967600.0,685767200.0,1357743500.0
2067.0,2019869800.0,1374931000.0,1499705300.0,978216960.0,1058744700.0,763749950.0,1501328600.0,1725723400.0,651782900.0,1306736900.0
2068.0,2002576300.0,1327365100.0,1441250800.0,945549500.0,1043348200.0,730398900.0,1452849400.0,1670314000.0,631062500.0,1309127700.0
2069.0,1940959900.0,1277091700.0,1382879200.0,914885900.0,1011836400.0,690360600.0,1418672300.0,1611774700.0,602713200.0,1247254800.0
2070.0,1913313300.0,1236853200.0,1344847900.0,970869100.0,973043200.0,662495400.0,1365553000.0,1564454400.0,570803700.0,1195536000.0
2071.0,1866241000.0,1202686100.0,1293990800.0,904129600.0,942525760.0,635250050.0,1326800400.0,1525512700.0,548857300.0,1162937100.0
2072.0,1805060600.0,1158752900.0,1258388700.0,876956350.0,912221200.0,602763100.0,1292290200.0,1463182700.0,522321200.0,1233331300.0
2073.0,1758902500.0,1118636300.0,1237651800.0,854210240.0,878551700.0,577253800.0,1239232500.0,1403045000.0,496905760.0,1111526700.0
2074.0,1719181300.0,1077127000.0,1203608600.0,827937700.0,847923300.0,554899460.0,1196266900.0,1346629600.0,475538780.0,1074256400.0
2075.0,1682115700.0,1038999040.0,1177945300.0,802405300.0,816628000.0,529013660.0,1160272900.0,1287209200.0,453253120.0,1046674940.0
2076.0,1648825700.0,1004649660.0,1136167300.0,775375100.0,788217400.0,503802560.0,1116857000.0,1243312400.0,431806100.0,1005970100.0
2077.0,1609253200.0,971496960.0,1103817700.0,731806400.0,761736200.0,484552930.0,1076563600.0,1181610600.0,409148260.0,962096300.0
2078.0,1584448300.0,926967040.0,1072579400.0,708181300.0,718715300.0,465026050.0,1036739400.0,1145995300.0,394021340.0,940797000.0
2079.0,1526200200.0,907683500.0,1040752500.0,685783100.0,697842750.0,448120000.0,1002064450.0,1121899500.0,376745500.0,913726700.0
2080.0,1492168600.0,892040060.0,1003986750.0,665005100.0,659643260.0,427164400.0,964806800.0,1065902900.0,359126270.0,881949200.0
2081.0,1458880800.0,862949600.0,978257500.0,637295900.0,637890500.0,412323040.0,923901400.0,1045117440.0,337199800.0,856208830.0
2082.0,1425869000.0,841323000.0,944017860.0,618962560.0,626437800.0,392735460.0,892117900.0,1008798140.0,322352740.0,828391230.0
2083.0,1383410600.0,837007170.0,899041340.0,596501060.0,605730600.0,364133440.0,864696200.0,965473540.0,314366600.0,805308600.0
2084.0,1330003700.0,793213250.0,893654660.0,584351170.0,577173570.0,346172130.0,847613630.0,935223360.0,305608030.0,775269400.0
2085.0,1303952500.0,757327170.0,855383230.0,568365300.0,557665300.0,325488770.0,809740100.0,894940860.0,284677020.0,752518600.0
2086.0,1270292600.0,892057800.0,863478200.0,543665860.0,525756480.0,308107780.0,782919800.0,873496640.0,268599230.0,727337300.0
2087.0,1237693600.0,753342660.0,807256260.0,528175970.0,508330180.0,286629630.0,749358400.0,838630660.0,244831360.0,695240260.0
2088.0,1202883600.0,712846500.0,786308200.0,516052770.0,490128770.0,270127870.0,716457340.0,816585900.0,222437520.0,661065100.0
2089.0,1182689800.0,700949060.0,758159700.0,502987000.0,470236830.0,251958110.0,688998660.0,792380700.0,200477100.0,635976640.0
2090.0,1125715700.0,666189200.0,734610600.0,491848320.0,444514180.0,233554060.0,663976100.0,772018750.0,185924110.0,612118000.0
2091.0,1081237600.0,644259260.0,708195650.0,481472260.0,426173340.0,218662260.0,642647740.0,744925440.0,164308600.0,591511500.0
2092.0,1045965630.0,639755100.0,682992600.0,473569660.0,405738430.0,199687000.0,624131100.0,739915600.0,147038270.0,570150700.0
2093.0,996980500.0,604940160.0,659955140.0,464265300.0,391526140.0,185884830.0,599947140.0,694627460.0,136305580.0,546063300.0
2094.0,973572030.0,583306430.0,647286200.0,444582980.0,373094660.0,170571730.0,577063900.0,670202750.0,123948300.0,535655040.0
2095.0,939466300.0,560156100.0,623126660.0,432797380.0,360505540.0,149515220.0,556363260.0,643896800.0,111682020.0,517749800.0
2096.0,894964900.0,547499800.0,599101000.0,419209700.0,344562000.0,136158320.0,539726800.0,625563140.0,102773720.0,502737500.0
2097.0,857299000.0,535594430.0,582606100.0,403688260.0,322956220.0,125066830.0,520677860.0,603329800.0,90603610.0,484058430.0
2098.0,823615170.0,519360000.0,579852200.0,388130900.0,307197340.0,104854370.0,500642660.0,587003200.0,80382030.0,466284160.0
2099.0,792941250.0,505385250.0,541882100.0,374333200.0,289057300.0,90160536.0,479402880.0,557929200.0,68919496.0,442327940.0
2100.0,761636740.0,491547620.0,524542560.0,366313380.0,274633700.0,81808330.0,460222600.0,536453150.0,58213236.0,428717470.0
